--
-- PostgreSQL database dump
--

-- Dumped from database version 16.8 (Debian 16.8-1.pgdg120+1)
-- Dumped by pg_dump version 17.4

SET statement_timeout = 0;
SET lock_timeout = 0;
SET idle_in_transaction_session_timeout = 0;
SET transaction_timeout = 0;
SET client_encoding = 'UTF8';
SET standard_conforming_strings = on;
SELECT pg_catalog.set_config('search_path', '', false);
SET check_function_bodies = false;
SET xmloption = content;
SET client_min_messages = warning;
SET row_security = off;

SET default_tablespace = '';

SET default_table_access_method = heap;

--
-- Name: auth_group; Type: TABLE; Schema: public; Owner: postgres
--

CREATE TABLE public.auth_group (
    id integer NOT NULL,
    name character varying(150) NOT NULL
);


ALTER TABLE public.auth_group OWNER TO postgres;

--
-- Name: auth_group_id_seq; Type: SEQUENCE; Schema: public; Owner: postgres
--

ALTER TABLE public.auth_group ALTER COLUMN id ADD GENERATED BY DEFAULT AS IDENTITY (
    SEQUENCE NAME public.auth_group_id_seq
    START WITH 1
    INCREMENT BY 1
    NO MINVALUE
    NO MAXVALUE
    CACHE 1
);


--
-- Name: auth_group_permissions; Type: TABLE; Schema: public; Owner: postgres
--

CREATE TABLE public.auth_group_permissions (
    id bigint NOT NULL,
    group_id integer NOT NULL,
    permission_id integer NOT NULL
);


ALTER TABLE public.auth_group_permissions OWNER TO postgres;

--
-- Name: auth_group_permissions_id_seq; Type: SEQUENCE; Schema: public; Owner: postgres
--

ALTER TABLE public.auth_group_permissions ALTER COLUMN id ADD GENERATED BY DEFAULT AS IDENTITY (
    SEQUENCE NAME public.auth_group_permissions_id_seq
    START WITH 1
    INCREMENT BY 1
    NO MINVALUE
    NO MAXVALUE
    CACHE 1
);


--
-- Name: auth_permission; Type: TABLE; Schema: public; Owner: postgres
--

CREATE TABLE public.auth_permission (
    id integer NOT NULL,
    name character varying(255) NOT NULL,
    content_type_id integer NOT NULL,
    codename character varying(100) NOT NULL
);


ALTER TABLE public.auth_permission OWNER TO postgres;

--
-- Name: auth_permission_id_seq; Type: SEQUENCE; Schema: public; Owner: postgres
--

ALTER TABLE public.auth_permission ALTER COLUMN id ADD GENERATED BY DEFAULT AS IDENTITY (
    SEQUENCE NAME public.auth_permission_id_seq
    START WITH 1
    INCREMENT BY 1
    NO MINVALUE
    NO MAXVALUE
    CACHE 1
);


--
-- Name: auth_user; Type: TABLE; Schema: public; Owner: postgres
--

CREATE TABLE public.auth_user (
    id integer NOT NULL,
    password character varying(128) NOT NULL,
    last_login timestamp with time zone,
    is_superuser boolean NOT NULL,
    username character varying(150) NOT NULL,
    first_name character varying(150) NOT NULL,
    last_name character varying(150) NOT NULL,
    email character varying(254) NOT NULL,
    is_staff boolean NOT NULL,
    is_active boolean NOT NULL,
    date_joined timestamp with time zone NOT NULL
);


ALTER TABLE public.auth_user OWNER TO postgres;

--
-- Name: auth_user_groups; Type: TABLE; Schema: public; Owner: postgres
--

CREATE TABLE public.auth_user_groups (
    id bigint NOT NULL,
    user_id integer NOT NULL,
    group_id integer NOT NULL
);


ALTER TABLE public.auth_user_groups OWNER TO postgres;

--
-- Name: auth_user_groups_id_seq; Type: SEQUENCE; Schema: public; Owner: postgres
--

ALTER TABLE public.auth_user_groups ALTER COLUMN id ADD GENERATED BY DEFAULT AS IDENTITY (
    SEQUENCE NAME public.auth_user_groups_id_seq
    START WITH 1
    INCREMENT BY 1
    NO MINVALUE
    NO MAXVALUE
    CACHE 1
);


--
-- Name: auth_user_id_seq; Type: SEQUENCE; Schema: public; Owner: postgres
--

ALTER TABLE public.auth_user ALTER COLUMN id ADD GENERATED BY DEFAULT AS IDENTITY (
    SEQUENCE NAME public.auth_user_id_seq
    START WITH 1
    INCREMENT BY 1
    NO MINVALUE
    NO MAXVALUE
    CACHE 1
);


--
-- Name: auth_user_user_permissions; Type: TABLE; Schema: public; Owner: postgres
--

CREATE TABLE public.auth_user_user_permissions (
    id bigint NOT NULL,
    user_id integer NOT NULL,
    permission_id integer NOT NULL
);


ALTER TABLE public.auth_user_user_permissions OWNER TO postgres;

--
-- Name: auth_user_user_permissions_id_seq; Type: SEQUENCE; Schema: public; Owner: postgres
--

ALTER TABLE public.auth_user_user_permissions ALTER COLUMN id ADD GENERATED BY DEFAULT AS IDENTITY (
    SEQUENCE NAME public.auth_user_user_permissions_id_seq
    START WITH 1
    INCREMENT BY 1
    NO MINVALUE
    NO MAXVALUE
    CACHE 1
);


--
-- Name: django_admin_log; Type: TABLE; Schema: public; Owner: postgres
--

CREATE TABLE public.django_admin_log (
    id integer NOT NULL,
    action_time timestamp with time zone NOT NULL,
    object_id text,
    object_repr character varying(200) NOT NULL,
    action_flag smallint NOT NULL,
    change_message text NOT NULL,
    content_type_id integer,
    user_id integer NOT NULL,
    CONSTRAINT django_admin_log_action_flag_check CHECK ((action_flag >= 0))
);


ALTER TABLE public.django_admin_log OWNER TO postgres;

--
-- Name: django_admin_log_id_seq; Type: SEQUENCE; Schema: public; Owner: postgres
--

ALTER TABLE public.django_admin_log ALTER COLUMN id ADD GENERATED BY DEFAULT AS IDENTITY (
    SEQUENCE NAME public.django_admin_log_id_seq
    START WITH 1
    INCREMENT BY 1
    NO MINVALUE
    NO MAXVALUE
    CACHE 1
);


--
-- Name: django_content_type; Type: TABLE; Schema: public; Owner: postgres
--

CREATE TABLE public.django_content_type (
    id integer NOT NULL,
    app_label character varying(100) NOT NULL,
    model character varying(100) NOT NULL
);


ALTER TABLE public.django_content_type OWNER TO postgres;

--
-- Name: django_content_type_id_seq; Type: SEQUENCE; Schema: public; Owner: postgres
--

ALTER TABLE public.django_content_type ALTER COLUMN id ADD GENERATED BY DEFAULT AS IDENTITY (
    SEQUENCE NAME public.django_content_type_id_seq
    START WITH 1
    INCREMENT BY 1
    NO MINVALUE
    NO MAXVALUE
    CACHE 1
);


--
-- Name: django_migrations; Type: TABLE; Schema: public; Owner: postgres
--

CREATE TABLE public.django_migrations (
    id bigint NOT NULL,
    app character varying(255) NOT NULL,
    name character varying(255) NOT NULL,
    applied timestamp with time zone NOT NULL
);


ALTER TABLE public.django_migrations OWNER TO postgres;

--
-- Name: django_migrations_id_seq; Type: SEQUENCE; Schema: public; Owner: postgres
--

ALTER TABLE public.django_migrations ALTER COLUMN id ADD GENERATED BY DEFAULT AS IDENTITY (
    SEQUENCE NAME public.django_migrations_id_seq
    START WITH 1
    INCREMENT BY 1
    NO MINVALUE
    NO MAXVALUE
    CACHE 1
);


--
-- Name: django_session; Type: TABLE; Schema: public; Owner: postgres
--

CREATE TABLE public.django_session (
    session_key character varying(40) NOT NULL,
    session_data text NOT NULL,
    expire_date timestamp with time zone NOT NULL
);


ALTER TABLE public.django_session OWNER TO postgres;

--
-- Name: users_categorias; Type: TABLE; Schema: public; Owner: postgres
--

CREATE TABLE public.users_categorias (
    id bigint NOT NULL,
    nombre_categoria character varying(100) NOT NULL,
    descripcion text,
    estado_categoria boolean NOT NULL
);


ALTER TABLE public.users_categorias OWNER TO postgres;

--
-- Name: users_categorias_id_seq; Type: SEQUENCE; Schema: public; Owner: postgres
--

ALTER TABLE public.users_categorias ALTER COLUMN id ADD GENERATED BY DEFAULT AS IDENTITY (
    SEQUENCE NAME public.users_categorias_id_seq
    START WITH 1
    INCREMENT BY 1
    NO MINVALUE
    NO MAXVALUE
    CACHE 1
);


--
-- Name: users_detallesventas; Type: TABLE; Schema: public; Owner: postgres
--

CREATE TABLE public.users_detallesventas (
    id bigint NOT NULL,
    cantidad integer NOT NULL,
    precio numeric(10,2) NOT NULL,
    subtotal numeric(10,2) NOT NULL,
    tipo_venta character varying(10) NOT NULL,
    producto_id bigint NOT NULL,
    venta_id bigint NOT NULL,
    CONSTRAINT users_detallesventas_cantidad_check CHECK ((cantidad >= 0))
);


ALTER TABLE public.users_detallesventas OWNER TO postgres;

--
-- Name: users_detallesventas_id_seq; Type: SEQUENCE; Schema: public; Owner: postgres
--

ALTER TABLE public.users_detallesventas ALTER COLUMN id ADD GENERATED BY DEFAULT AS IDENTITY (
    SEQUENCE NAME public.users_detallesventas_id_seq
    START WITH 1
    INCREMENT BY 1
    NO MINVALUE
    NO MAXVALUE
    CACHE 1
);


--
-- Name: users_permisos; Type: TABLE; Schema: public; Owner: postgres
--

CREATE TABLE public.users_permisos (
    id bigint NOT NULL,
    nombre_permiso character varying(50) NOT NULL,
    descripcion text,
    "estado_Permiso" boolean NOT NULL
);


ALTER TABLE public.users_permisos OWNER TO postgres;

--
-- Name: users_permisos_id_seq; Type: SEQUENCE; Schema: public; Owner: postgres
--

ALTER TABLE public.users_permisos ALTER COLUMN id ADD GENERATED BY DEFAULT AS IDENTITY (
    SEQUENCE NAME public.users_permisos_id_seq
    START WITH 1
    INCREMENT BY 1
    NO MINVALUE
    NO MAXVALUE
    CACHE 1
);


--
-- Name: users_productos; Type: TABLE; Schema: public; Owner: postgres
--

CREATE TABLE public.users_productos (
    id bigint NOT NULL,
    nombre_producto character varying(100) NOT NULL,
    descripcion text,
    precio_compra numeric(10,2) NOT NULL,
    precio_unitario numeric(10,2) NOT NULL,
    precio_mayor numeric(10,2) NOT NULL,
    stock integer NOT NULL,
    fecha_creacion timestamp with time zone NOT NULL,
    fecha_actualizacion timestamp with time zone NOT NULL,
    codigo_producto character varying(50) NOT NULL,
    imagen_productos character varying(500),
    estado_equipo boolean NOT NULL,
    categoria_id bigint NOT NULL,
    CONSTRAINT users_productos_stock_check CHECK ((stock >= 0))
);


ALTER TABLE public.users_productos OWNER TO postgres;

--
-- Name: users_productos_id_seq; Type: SEQUENCE; Schema: public; Owner: postgres
--

ALTER TABLE public.users_productos ALTER COLUMN id ADD GENERATED BY DEFAULT AS IDENTITY (
    SEQUENCE NAME public.users_productos_id_seq
    START WITH 1
    INCREMENT BY 1
    NO MINVALUE
    NO MAXVALUE
    CACHE 1
);


--
-- Name: users_roles; Type: TABLE; Schema: public; Owner: postgres
--

CREATE TABLE public.users_roles (
    id bigint NOT NULL,
    nombre_rol character varying(50) NOT NULL,
    "estado_Rol" boolean NOT NULL
);


ALTER TABLE public.users_roles OWNER TO postgres;

--
-- Name: users_roles_id_seq; Type: SEQUENCE; Schema: public; Owner: postgres
--

ALTER TABLE public.users_roles ALTER COLUMN id ADD GENERATED BY DEFAULT AS IDENTITY (
    SEQUENCE NAME public.users_roles_id_seq
    START WITH 1
    INCREMENT BY 1
    NO MINVALUE
    NO MAXVALUE
    CACHE 1
);


--
-- Name: users_rolespermisos; Type: TABLE; Schema: public; Owner: postgres
--

CREATE TABLE public.users_rolespermisos (
    id bigint NOT NULL,
    permiso_id bigint NOT NULL,
    rol_id bigint NOT NULL
);


ALTER TABLE public.users_rolespermisos OWNER TO postgres;

--
-- Name: users_rolespermisos_id_seq; Type: SEQUENCE; Schema: public; Owner: postgres
--

ALTER TABLE public.users_rolespermisos ALTER COLUMN id ADD GENERATED BY DEFAULT AS IDENTITY (
    SEQUENCE NAME public.users_rolespermisos_id_seq
    START WITH 1
    INCREMENT BY 1
    NO MINVALUE
    NO MAXVALUE
    CACHE 1
);


--
-- Name: users_usuarios; Type: TABLE; Schema: public; Owner: postgres
--

CREATE TABLE public.users_usuarios (
    id bigint NOT NULL,
    nombre_usuario character varying(50) NOT NULL,
    apellido character varying(50) NOT NULL,
    fecha_nacimiento date NOT NULL,
    telefono character varying(50) NOT NULL,
    correo character varying(100),
    password character varying(255) NOT NULL,
    ci character varying(20) NOT NULL,
    ci_departamento character varying(2) NOT NULL,
    fecha_creacion timestamp with time zone NOT NULL,
    fecha_actualizacion timestamp with time zone NOT NULL,
    "estado_Usuario" boolean NOT NULL,
    imagen_url character varying(500)
);


ALTER TABLE public.users_usuarios OWNER TO postgres;

--
-- Name: users_usuarios_id_seq; Type: SEQUENCE; Schema: public; Owner: postgres
--

ALTER TABLE public.users_usuarios ALTER COLUMN id ADD GENERATED BY DEFAULT AS IDENTITY (
    SEQUENCE NAME public.users_usuarios_id_seq
    START WITH 1
    INCREMENT BY 1
    NO MINVALUE
    NO MAXVALUE
    CACHE 1
);


--
-- Name: users_usuariosroles; Type: TABLE; Schema: public; Owner: postgres
--

CREATE TABLE public.users_usuariosroles (
    id bigint NOT NULL,
    rol_id bigint NOT NULL,
    usuario_id bigint NOT NULL
);


ALTER TABLE public.users_usuariosroles OWNER TO postgres;

--
-- Name: users_usuariosroles_id_seq; Type: SEQUENCE; Schema: public; Owner: postgres
--

ALTER TABLE public.users_usuariosroles ALTER COLUMN id ADD GENERATED BY DEFAULT AS IDENTITY (
    SEQUENCE NAME public.users_usuariosroles_id_seq
    START WITH 1
    INCREMENT BY 1
    NO MINVALUE
    NO MAXVALUE
    CACHE 1
);


--
-- Name: users_ventas; Type: TABLE; Schema: public; Owner: postgres
--

CREATE TABLE public.users_ventas (
    id bigint NOT NULL,
    fecha_venta timestamp with time zone NOT NULL,
    estado character varying(20) NOT NULL,
    total numeric(10,2) NOT NULL,
    usuario_id bigint NOT NULL
);


ALTER TABLE public.users_ventas OWNER TO postgres;

--
-- Name: users_ventas_id_seq; Type: SEQUENCE; Schema: public; Owner: postgres
--

ALTER TABLE public.users_ventas ALTER COLUMN id ADD GENERATED BY DEFAULT AS IDENTITY (
    SEQUENCE NAME public.users_ventas_id_seq
    START WITH 1
    INCREMENT BY 1
    NO MINVALUE
    NO MAXVALUE
    CACHE 1
);


--
-- Data for Name: auth_group; Type: TABLE DATA; Schema: public; Owner: postgres
--

COPY public.auth_group (id, name) FROM stdin;
\.


--
-- Data for Name: auth_group_permissions; Type: TABLE DATA; Schema: public; Owner: postgres
--

COPY public.auth_group_permissions (id, group_id, permission_id) FROM stdin;
\.


--
-- Data for Name: auth_permission; Type: TABLE DATA; Schema: public; Owner: postgres
--

COPY public.auth_permission (id, name, content_type_id, codename) FROM stdin;
1	Can add log entry	1	add_logentry
2	Can change log entry	1	change_logentry
3	Can delete log entry	1	delete_logentry
4	Can view log entry	1	view_logentry
5	Can add permission	2	add_permission
6	Can change permission	2	change_permission
7	Can delete permission	2	delete_permission
8	Can view permission	2	view_permission
9	Can add group	3	add_group
10	Can change group	3	change_group
11	Can delete group	3	delete_group
12	Can view group	3	view_group
13	Can add user	4	add_user
14	Can change user	4	change_user
15	Can delete user	4	delete_user
16	Can view user	4	view_user
17	Can add content type	5	add_contenttype
18	Can change content type	5	change_contenttype
19	Can delete content type	5	delete_contenttype
20	Can view content type	5	view_contenttype
21	Can add session	6	add_session
22	Can change session	6	change_session
23	Can delete session	6	delete_session
24	Can view session	6	view_session
25	Can add categorias	7	add_categorias
26	Can change categorias	7	change_categorias
27	Can delete categorias	7	delete_categorias
28	Can view categorias	7	view_categorias
29	Can add permisos	8	add_permisos
30	Can change permisos	8	change_permisos
31	Can delete permisos	8	delete_permisos
32	Can view permisos	8	view_permisos
33	Can add roles	9	add_roles
34	Can change roles	9	change_roles
35	Can delete roles	9	delete_roles
36	Can view roles	9	view_roles
37	Can add usuarios	10	add_usuarios
38	Can change usuarios	10	change_usuarios
39	Can delete usuarios	10	delete_usuarios
40	Can view usuarios	10	view_usuarios
41	Can add Producto	11	add_productos
42	Can change Producto	11	change_productos
43	Can delete Producto	11	delete_productos
44	Can view Producto	11	view_productos
45	Can add ventas	12	add_ventas
46	Can change ventas	12	change_ventas
47	Can delete ventas	12	delete_ventas
48	Can view ventas	12	view_ventas
49	Can add detalles ventas	13	add_detallesventas
50	Can change detalles ventas	13	change_detallesventas
51	Can delete detalles ventas	13	delete_detallesventas
52	Can view detalles ventas	13	view_detallesventas
53	Can add roles permisos	14	add_rolespermisos
54	Can change roles permisos	14	change_rolespermisos
55	Can delete roles permisos	14	delete_rolespermisos
56	Can view roles permisos	14	view_rolespermisos
57	Can add usuarios roles	15	add_usuariosroles
58	Can change usuarios roles	15	change_usuariosroles
59	Can delete usuarios roles	15	delete_usuariosroles
60	Can view usuarios roles	15	view_usuariosroles
\.


--
-- Data for Name: auth_user; Type: TABLE DATA; Schema: public; Owner: postgres
--

COPY public.auth_user (id, password, last_login, is_superuser, username, first_name, last_name, email, is_staff, is_active, date_joined) FROM stdin;
\.


--
-- Data for Name: auth_user_groups; Type: TABLE DATA; Schema: public; Owner: postgres
--

COPY public.auth_user_groups (id, user_id, group_id) FROM stdin;
\.


--
-- Data for Name: auth_user_user_permissions; Type: TABLE DATA; Schema: public; Owner: postgres
--

COPY public.auth_user_user_permissions (id, user_id, permission_id) FROM stdin;
\.


--
-- Data for Name: django_admin_log; Type: TABLE DATA; Schema: public; Owner: postgres
--

COPY public.django_admin_log (id, action_time, object_id, object_repr, action_flag, change_message, content_type_id, user_id) FROM stdin;
\.


--
-- Data for Name: django_content_type; Type: TABLE DATA; Schema: public; Owner: postgres
--

COPY public.django_content_type (id, app_label, model) FROM stdin;
1	admin	logentry
2	auth	permission
3	auth	group
4	auth	user
5	contenttypes	contenttype
6	sessions	session
7	users	categorias
8	users	permisos
9	users	roles
10	users	usuarios
11	users	productos
12	users	ventas
13	users	detallesventas
14	users	rolespermisos
15	users	usuariosroles
\.


--
-- Data for Name: django_migrations; Type: TABLE DATA; Schema: public; Owner: postgres
--

COPY public.django_migrations (id, app, name, applied) FROM stdin;
1	contenttypes	0001_initial	2025-06-14 22:05:22.407783+00
2	auth	0001_initial	2025-06-14 22:05:28.477066+00
3	admin	0001_initial	2025-06-14 22:05:30.078893+00
4	admin	0002_logentry_remove_auto_add	2025-06-14 22:05:30.283609+00
5	admin	0003_logentry_add_action_flag_choices	2025-06-14 22:05:30.8705+00
6	contenttypes	0002_remove_content_type_name	2025-06-14 22:05:32.0428+00
7	auth	0002_alter_permission_name_max_length	2025-06-14 22:05:32.825393+00
8	auth	0003_alter_user_email_max_length	2025-06-14 22:05:33.59888+00
9	auth	0004_alter_user_username_opts	2025-06-14 22:05:34.007623+00
10	auth	0005_alter_user_last_login_null	2025-06-14 22:05:34.982326+00
11	auth	0006_require_contenttypes_0002	2025-06-14 22:05:35.369796+00
12	auth	0007_alter_validators_add_error_messages	2025-06-14 22:05:35.951822+00
13	auth	0008_alter_user_username_max_length	2025-06-14 22:05:36.97965+00
14	auth	0009_alter_user_last_name_max_length	2025-06-14 22:05:37.762675+00
15	auth	0010_alter_group_name_max_length	2025-06-14 22:05:38.544493+00
16	auth	0011_update_proxy_permissions	2025-06-14 22:05:38.936896+00
17	auth	0012_alter_user_first_name_max_length	2025-06-14 22:05:39.928174+00
18	sessions	0001_initial	2025-06-14 22:05:41.347469+00
19	users	0001_initial	2025-06-14 22:05:48.870912+00
\.


--
-- Data for Name: django_session; Type: TABLE DATA; Schema: public; Owner: postgres
--

COPY public.django_session (session_key, session_data, expire_date) FROM stdin;
\.


--
-- Data for Name: users_categorias; Type: TABLE DATA; Schema: public; Owner: postgres
--

COPY public.users_categorias (id, nombre_categoria, descripcion, estado_categoria) FROM stdin;
\.


--
-- Data for Name: users_detallesventas; Type: TABLE DATA; Schema: public; Owner: postgres
--

COPY public.users_detallesventas (id, cantidad, precio, subtotal, tipo_venta, producto_id, venta_id) FROM stdin;
\.


--
-- Data for Name: users_permisos; Type: TABLE DATA; Schema: public; Owner: postgres
--

COPY public.users_permisos (id, nombre_permiso, descripcion, "estado_Permiso") FROM stdin;
1	registrarUsuarios	Permite registrar usuarios	t
2	registrarRoles	Permite registrar roles	t
3	registrarPermisos	a	t
4	registrarUsuarioRoles	a	t
5	registrarRolesPermisos	a	t
6	registrarCategorias	a	t
7	registrarProductos	a	t
8	registrarVenta	a	t
9	registrarDetalleVenta	a	t
10	registrarVenta-DetalleVenta-Empleado	a	t
\.


--
-- Data for Name: users_productos; Type: TABLE DATA; Schema: public; Owner: postgres
--

COPY public.users_productos (id, nombre_producto, descripcion, precio_compra, precio_unitario, precio_mayor, stock, fecha_creacion, fecha_actualizacion, codigo_producto, imagen_productos, estado_equipo, categoria_id) FROM stdin;
\.


--
-- Data for Name: users_roles; Type: TABLE DATA; Schema: public; Owner: postgres
--

COPY public.users_roles (id, nombre_rol, "estado_Rol") FROM stdin;
1	Administrador	t
2	Empleado	t
3	Clientes	t
4	Ejemplo1	t
5	Ejemplo	t
6	Prueba	t
7	prueba 2	t
\.


--
-- Data for Name: users_rolespermisos; Type: TABLE DATA; Schema: public; Owner: postgres
--

COPY public.users_rolespermisos (id, permiso_id, rol_id) FROM stdin;
1	1	1
2	2	1
3	3	1
4	4	1
5	5	1
6	6	1
7	7	1
8	8	1
9	9	1
10	10	1
\.


--
-- Data for Name: users_usuarios; Type: TABLE DATA; Schema: public; Owner: postgres
--

COPY public.users_usuarios (id, nombre_usuario, apellido, fecha_nacimiento, telefono, correo, password, ci, ci_departamento, fecha_creacion, fecha_actualizacion, "estado_Usuario", imagen_url) FROM stdin;
1	Andres Benito	Yucra	1998-11-06	72937437	benitoandrescalle035@gmail.com	pbkdf2_sha256$1000000$1FN5lx5qumDDAOLxI7cIhU$qGcnY55P3IqpCEVFd53VlqPtWpGgS9dFqwi77e3wAbA=	13247291	LP	2025-06-14 22:15:18.198891+00	2025-06-14 22:15:18.198934+00	t	http://res.cloudinary.com/dlrpns8z7/image/upload/v1743595809/fnsesmm80hgwelhyzaie.jpg
2	Maria Fernanda	Lopez	1995-05-21	76432109	maria.lopez@gmail.com	pbkdf2_sha256$1000000$yGlnIaXJTH7Nh5nJT0B4eZ$rqv6fdgu+2cGEyFQU4Wq6WZSIs8rZfsjnwZYpBEEfRY=	98765432	CB	2025-06-14 22:15:20.050622+00	2025-06-14 22:15:20.050651+00	t	http://res.cloudinary.com/demo/image/upload/sample.jpg
\.


--
-- Data for Name: users_usuariosroles; Type: TABLE DATA; Schema: public; Owner: postgres
--

COPY public.users_usuariosroles (id, rol_id, usuario_id) FROM stdin;
1	1	1
2	1	2
\.


--
-- Data for Name: users_ventas; Type: TABLE DATA; Schema: public; Owner: postgres
--

COPY public.users_ventas (id, fecha_venta, estado, total, usuario_id) FROM stdin;
\.


--
-- Name: auth_group_id_seq; Type: SEQUENCE SET; Schema: public; Owner: postgres
--

SELECT pg_catalog.setval('public.auth_group_id_seq', 1, false);


--
-- Name: auth_group_permissions_id_seq; Type: SEQUENCE SET; Schema: public; Owner: postgres
--

SELECT pg_catalog.setval('public.auth_group_permissions_id_seq', 1, false);


--
-- Name: auth_permission_id_seq; Type: SEQUENCE SET; Schema: public; Owner: postgres
--

SELECT pg_catalog.setval('public.auth_permission_id_seq', 60, true);


--
-- Name: auth_user_groups_id_seq; Type: SEQUENCE SET; Schema: public; Owner: postgres
--

SELECT pg_catalog.setval('public.auth_user_groups_id_seq', 1, false);


--
-- Name: auth_user_id_seq; Type: SEQUENCE SET; Schema: public; Owner: postgres
--

SELECT pg_catalog.setval('public.auth_user_id_seq', 1, false);


--
-- Name: auth_user_user_permissions_id_seq; Type: SEQUENCE SET; Schema: public; Owner: postgres
--

SELECT pg_catalog.setval('public.auth_user_user_permissions_id_seq', 1, false);


--
-- Name: django_admin_log_id_seq; Type: SEQUENCE SET; Schema: public; Owner: postgres
--

SELECT pg_catalog.setval('public.django_admin_log_id_seq', 1, false);


--
-- Name: django_content_type_id_seq; Type: SEQUENCE SET; Schema: public; Owner: postgres
--

SELECT pg_catalog.setval('public.django_content_type_id_seq', 15, true);


--
-- Name: django_migrations_id_seq; Type: SEQUENCE SET; Schema: public; Owner: postgres
--

SELECT pg_catalog.setval('public.django_migrations_id_seq', 19, true);


--
-- Name: users_categorias_id_seq; Type: SEQUENCE SET; Schema: public; Owner: postgres
--

SELECT pg_catalog.setval('public.users_categorias_id_seq', 1, false);


--
-- Name: users_detallesventas_id_seq; Type: SEQUENCE SET; Schema: public; Owner: postgres
--

SELECT pg_catalog.setval('public.users_detallesventas_id_seq', 1, false);


--
-- Name: users_permisos_id_seq; Type: SEQUENCE SET; Schema: public; Owner: postgres
--

SELECT pg_catalog.setval('public.users_permisos_id_seq', 10, true);


--
-- Name: users_productos_id_seq; Type: SEQUENCE SET; Schema: public; Owner: postgres
--

SELECT pg_catalog.setval('public.users_productos_id_seq', 1, false);


--
-- Name: users_roles_id_seq; Type: SEQUENCE SET; Schema: public; Owner: postgres
--

SELECT pg_catalog.setval('public.users_roles_id_seq', 6, true);


--
-- Name: users_rolespermisos_id_seq; Type: SEQUENCE SET; Schema: public; Owner: postgres
--

SELECT pg_catalog.setval('public.users_rolespermisos_id_seq', 10, true);


--
-- Name: users_usuarios_id_seq; Type: SEQUENCE SET; Schema: public; Owner: postgres
--

SELECT pg_catalog.setval('public.users_usuarios_id_seq', 2, true);


--
-- Name: users_usuariosroles_id_seq; Type: SEQUENCE SET; Schema: public; Owner: postgres
--

SELECT pg_catalog.setval('public.users_usuariosroles_id_seq', 2, true);


--
-- Name: users_ventas_id_seq; Type: SEQUENCE SET; Schema: public; Owner: postgres
--

SELECT pg_catalog.setval('public.users_ventas_id_seq', 1, false);


--
-- Name: auth_group auth_group_name_key; Type: CONSTRAINT; Schema: public; Owner: postgres
--

ALTER TABLE ONLY public.auth_group
    ADD CONSTRAINT auth_group_name_key UNIQUE (name);


--
-- Name: auth_group_permissions auth_group_permissions_group_id_permission_id_0cd325b0_uniq; Type: CONSTRAINT; Schema: public; Owner: postgres
--

ALTER TABLE ONLY public.auth_group_permissions
    ADD CONSTRAINT auth_group_permissions_group_id_permission_id_0cd325b0_uniq UNIQUE (group_id, permission_id);


--
-- Name: auth_group_permissions auth_group_permissions_pkey; Type: CONSTRAINT; Schema: public; Owner: postgres
--

ALTER TABLE ONLY public.auth_group_permissions
    ADD CONSTRAINT auth_group_permissions_pkey PRIMARY KEY (id);


--
-- Name: auth_group auth_group_pkey; Type: CONSTRAINT; Schema: public; Owner: postgres
--

ALTER TABLE ONLY public.auth_group
    ADD CONSTRAINT auth_group_pkey PRIMARY KEY (id);


--
-- Name: auth_permission auth_permission_content_type_id_codename_01ab375a_uniq; Type: CONSTRAINT; Schema: public; Owner: postgres
--

ALTER TABLE ONLY public.auth_permission
    ADD CONSTRAINT auth_permission_content_type_id_codename_01ab375a_uniq UNIQUE (content_type_id, codename);


--
-- Name: auth_permission auth_permission_pkey; Type: CONSTRAINT; Schema: public; Owner: postgres
--

ALTER TABLE ONLY public.auth_permission
    ADD CONSTRAINT auth_permission_pkey PRIMARY KEY (id);


--
-- Name: auth_user_groups auth_user_groups_pkey; Type: CONSTRAINT; Schema: public; Owner: postgres
--

ALTER TABLE ONLY public.auth_user_groups
    ADD CONSTRAINT auth_user_groups_pkey PRIMARY KEY (id);


--
-- Name: auth_user_groups auth_user_groups_user_id_group_id_94350c0c_uniq; Type: CONSTRAINT; Schema: public; Owner: postgres
--

ALTER TABLE ONLY public.auth_user_groups
    ADD CONSTRAINT auth_user_groups_user_id_group_id_94350c0c_uniq UNIQUE (user_id, group_id);


--
-- Name: auth_user auth_user_pkey; Type: CONSTRAINT; Schema: public; Owner: postgres
--

ALTER TABLE ONLY public.auth_user
    ADD CONSTRAINT auth_user_pkey PRIMARY KEY (id);


--
-- Name: auth_user_user_permissions auth_user_user_permissions_pkey; Type: CONSTRAINT; Schema: public; Owner: postgres
--

ALTER TABLE ONLY public.auth_user_user_permissions
    ADD CONSTRAINT auth_user_user_permissions_pkey PRIMARY KEY (id);


--
-- Name: auth_user_user_permissions auth_user_user_permissions_user_id_permission_id_14a6b632_uniq; Type: CONSTRAINT; Schema: public; Owner: postgres
--

ALTER TABLE ONLY public.auth_user_user_permissions
    ADD CONSTRAINT auth_user_user_permissions_user_id_permission_id_14a6b632_uniq UNIQUE (user_id, permission_id);


--
-- Name: auth_user auth_user_username_key; Type: CONSTRAINT; Schema: public; Owner: postgres
--

ALTER TABLE ONLY public.auth_user
    ADD CONSTRAINT auth_user_username_key UNIQUE (username);


--
-- Name: django_admin_log django_admin_log_pkey; Type: CONSTRAINT; Schema: public; Owner: postgres
--

ALTER TABLE ONLY public.django_admin_log
    ADD CONSTRAINT django_admin_log_pkey PRIMARY KEY (id);


--
-- Name: django_content_type django_content_type_app_label_model_76bd3d3b_uniq; Type: CONSTRAINT; Schema: public; Owner: postgres
--

ALTER TABLE ONLY public.django_content_type
    ADD CONSTRAINT django_content_type_app_label_model_76bd3d3b_uniq UNIQUE (app_label, model);


--
-- Name: django_content_type django_content_type_pkey; Type: CONSTRAINT; Schema: public; Owner: postgres
--

ALTER TABLE ONLY public.django_content_type
    ADD CONSTRAINT django_content_type_pkey PRIMARY KEY (id);


--
-- Name: django_migrations django_migrations_pkey; Type: CONSTRAINT; Schema: public; Owner: postgres
--

ALTER TABLE ONLY public.django_migrations
    ADD CONSTRAINT django_migrations_pkey PRIMARY KEY (id);


--
-- Name: django_session django_session_pkey; Type: CONSTRAINT; Schema: public; Owner: postgres
--

ALTER TABLE ONLY public.django_session
    ADD CONSTRAINT django_session_pkey PRIMARY KEY (session_key);


--
-- Name: users_categorias users_categorias_nombre_categoria_key; Type: CONSTRAINT; Schema: public; Owner: postgres
--

ALTER TABLE ONLY public.users_categorias
    ADD CONSTRAINT users_categorias_nombre_categoria_key UNIQUE (nombre_categoria);


--
-- Name: users_categorias users_categorias_pkey; Type: CONSTRAINT; Schema: public; Owner: postgres
--

ALTER TABLE ONLY public.users_categorias
    ADD CONSTRAINT users_categorias_pkey PRIMARY KEY (id);


--
-- Name: users_detallesventas users_detallesventas_pkey; Type: CONSTRAINT; Schema: public; Owner: postgres
--

ALTER TABLE ONLY public.users_detallesventas
    ADD CONSTRAINT users_detallesventas_pkey PRIMARY KEY (id);


--
-- Name: users_permisos users_permisos_nombre_permiso_key; Type: CONSTRAINT; Schema: public; Owner: postgres
--

ALTER TABLE ONLY public.users_permisos
    ADD CONSTRAINT users_permisos_nombre_permiso_key UNIQUE (nombre_permiso);


--
-- Name: users_permisos users_permisos_pkey; Type: CONSTRAINT; Schema: public; Owner: postgres
--

ALTER TABLE ONLY public.users_permisos
    ADD CONSTRAINT users_permisos_pkey PRIMARY KEY (id);


--
-- Name: users_productos users_productos_codigo_producto_key; Type: CONSTRAINT; Schema: public; Owner: postgres
--

ALTER TABLE ONLY public.users_productos
    ADD CONSTRAINT users_productos_codigo_producto_key UNIQUE (codigo_producto);


--
-- Name: users_productos users_productos_pkey; Type: CONSTRAINT; Schema: public; Owner: postgres
--

ALTER TABLE ONLY public.users_productos
    ADD CONSTRAINT users_productos_pkey PRIMARY KEY (id);


--
-- Name: users_roles users_roles_nombre_rol_key; Type: CONSTRAINT; Schema: public; Owner: postgres
--

ALTER TABLE ONLY public.users_roles
    ADD CONSTRAINT users_roles_nombre_rol_key UNIQUE (nombre_rol);


--
-- Name: users_roles users_roles_pkey; Type: CONSTRAINT; Schema: public; Owner: postgres
--

ALTER TABLE ONLY public.users_roles
    ADD CONSTRAINT users_roles_pkey PRIMARY KEY (id);


--
-- Name: users_rolespermisos users_rolespermisos_pkey; Type: CONSTRAINT; Schema: public; Owner: postgres
--

ALTER TABLE ONLY public.users_rolespermisos
    ADD CONSTRAINT users_rolespermisos_pkey PRIMARY KEY (id);


--
-- Name: users_rolespermisos users_rolespermisos_rol_id_permiso_id_2bfbf900_uniq; Type: CONSTRAINT; Schema: public; Owner: postgres
--

ALTER TABLE ONLY public.users_rolespermisos
    ADD CONSTRAINT users_rolespermisos_rol_id_permiso_id_2bfbf900_uniq UNIQUE (rol_id, permiso_id);


--
-- Name: users_usuarios users_usuarios_ci_key; Type: CONSTRAINT; Schema: public; Owner: postgres
--

ALTER TABLE ONLY public.users_usuarios
    ADD CONSTRAINT users_usuarios_ci_key UNIQUE (ci);


--
-- Name: users_usuarios users_usuarios_correo_key; Type: CONSTRAINT; Schema: public; Owner: postgres
--

ALTER TABLE ONLY public.users_usuarios
    ADD CONSTRAINT users_usuarios_correo_key UNIQUE (correo);


--
-- Name: users_usuarios users_usuarios_pkey; Type: CONSTRAINT; Schema: public; Owner: postgres
--

ALTER TABLE ONLY public.users_usuarios
    ADD CONSTRAINT users_usuarios_pkey PRIMARY KEY (id);


--
-- Name: users_usuarios users_usuarios_telefono_key; Type: CONSTRAINT; Schema: public; Owner: postgres
--

ALTER TABLE ONLY public.users_usuarios
    ADD CONSTRAINT users_usuarios_telefono_key UNIQUE (telefono);


--
-- Name: users_usuariosroles users_usuariosroles_pkey; Type: CONSTRAINT; Schema: public; Owner: postgres
--

ALTER TABLE ONLY public.users_usuariosroles
    ADD CONSTRAINT users_usuariosroles_pkey PRIMARY KEY (id);


--
-- Name: users_usuariosroles users_usuariosroles_usuario_id_rol_id_0934ee88_uniq; Type: CONSTRAINT; Schema: public; Owner: postgres
--

ALTER TABLE ONLY public.users_usuariosroles
    ADD CONSTRAINT users_usuariosroles_usuario_id_rol_id_0934ee88_uniq UNIQUE (usuario_id, rol_id);


--
-- Name: users_ventas users_ventas_pkey; Type: CONSTRAINT; Schema: public; Owner: postgres
--

ALTER TABLE ONLY public.users_ventas
    ADD CONSTRAINT users_ventas_pkey PRIMARY KEY (id);


--
-- Name: auth_group_name_a6ea08ec_like; Type: INDEX; Schema: public; Owner: postgres
--

CREATE INDEX auth_group_name_a6ea08ec_like ON public.auth_group USING btree (name varchar_pattern_ops);


--
-- Name: auth_group_permissions_group_id_b120cbf9; Type: INDEX; Schema: public; Owner: postgres
--

CREATE INDEX auth_group_permissions_group_id_b120cbf9 ON public.auth_group_permissions USING btree (group_id);


--
-- Name: auth_group_permissions_permission_id_84c5c92e; Type: INDEX; Schema: public; Owner: postgres
--

CREATE INDEX auth_group_permissions_permission_id_84c5c92e ON public.auth_group_permissions USING btree (permission_id);


--
-- Name: auth_permission_content_type_id_2f476e4b; Type: INDEX; Schema: public; Owner: postgres
--

CREATE INDEX auth_permission_content_type_id_2f476e4b ON public.auth_permission USING btree (content_type_id);


--
-- Name: auth_user_groups_group_id_97559544; Type: INDEX; Schema: public; Owner: postgres
--

CREATE INDEX auth_user_groups_group_id_97559544 ON public.auth_user_groups USING btree (group_id);


--
-- Name: auth_user_groups_user_id_6a12ed8b; Type: INDEX; Schema: public; Owner: postgres
--

CREATE INDEX auth_user_groups_user_id_6a12ed8b ON public.auth_user_groups USING btree (user_id);


--
-- Name: auth_user_user_permissions_permission_id_1fbb5f2c; Type: INDEX; Schema: public; Owner: postgres
--

CREATE INDEX auth_user_user_permissions_permission_id_1fbb5f2c ON public.auth_user_user_permissions USING btree (permission_id);


--
-- Name: auth_user_user_permissions_user_id_a95ead1b; Type: INDEX; Schema: public; Owner: postgres
--

CREATE INDEX auth_user_user_permissions_user_id_a95ead1b ON public.auth_user_user_permissions USING btree (user_id);


--
-- Name: auth_user_username_6821ab7c_like; Type: INDEX; Schema: public; Owner: postgres
--

CREATE INDEX auth_user_username_6821ab7c_like ON public.auth_user USING btree (username varchar_pattern_ops);


--
-- Name: django_admin_log_content_type_id_c4bce8eb; Type: INDEX; Schema: public; Owner: postgres
--

CREATE INDEX django_admin_log_content_type_id_c4bce8eb ON public.django_admin_log USING btree (content_type_id);


--
-- Name: django_admin_log_user_id_c564eba6; Type: INDEX; Schema: public; Owner: postgres
--

CREATE INDEX django_admin_log_user_id_c564eba6 ON public.django_admin_log USING btree (user_id);


--
-- Name: django_session_expire_date_a5c62663; Type: INDEX; Schema: public; Owner: postgres
--

CREATE INDEX django_session_expire_date_a5c62663 ON public.django_session USING btree (expire_date);


--
-- Name: django_session_session_key_c0390e0f_like; Type: INDEX; Schema: public; Owner: postgres
--

CREATE INDEX django_session_session_key_c0390e0f_like ON public.django_session USING btree (session_key varchar_pattern_ops);


--
-- Name: users_categorias_nombre_categoria_5fa7b130_like; Type: INDEX; Schema: public; Owner: postgres
--

CREATE INDEX users_categorias_nombre_categoria_5fa7b130_like ON public.users_categorias USING btree (nombre_categoria varchar_pattern_ops);


--
-- Name: users_detallesventas_producto_id_d2df2c27; Type: INDEX; Schema: public; Owner: postgres
--

CREATE INDEX users_detallesventas_producto_id_d2df2c27 ON public.users_detallesventas USING btree (producto_id);


--
-- Name: users_detallesventas_venta_id_abd89458; Type: INDEX; Schema: public; Owner: postgres
--

CREATE INDEX users_detallesventas_venta_id_abd89458 ON public.users_detallesventas USING btree (venta_id);


--
-- Name: users_permisos_nombre_permiso_854c602d_like; Type: INDEX; Schema: public; Owner: postgres
--

CREATE INDEX users_permisos_nombre_permiso_854c602d_like ON public.users_permisos USING btree (nombre_permiso varchar_pattern_ops);


--
-- Name: users_productos_categoria_id_21ec6307; Type: INDEX; Schema: public; Owner: postgres
--

CREATE INDEX users_productos_categoria_id_21ec6307 ON public.users_productos USING btree (categoria_id);


--
-- Name: users_productos_codigo_producto_8baccb10_like; Type: INDEX; Schema: public; Owner: postgres
--

CREATE INDEX users_productos_codigo_producto_8baccb10_like ON public.users_productos USING btree (codigo_producto varchar_pattern_ops);


--
-- Name: users_roles_nombre_rol_21459229_like; Type: INDEX; Schema: public; Owner: postgres
--

CREATE INDEX users_roles_nombre_rol_21459229_like ON public.users_roles USING btree (nombre_rol varchar_pattern_ops);


--
-- Name: users_rolespermisos_permiso_id_30aa5323; Type: INDEX; Schema: public; Owner: postgres
--

CREATE INDEX users_rolespermisos_permiso_id_30aa5323 ON public.users_rolespermisos USING btree (permiso_id);


--
-- Name: users_rolespermisos_rol_id_7e0e1457; Type: INDEX; Schema: public; Owner: postgres
--

CREATE INDEX users_rolespermisos_rol_id_7e0e1457 ON public.users_rolespermisos USING btree (rol_id);


--
-- Name: users_usuarios_ci_e00cc326_like; Type: INDEX; Schema: public; Owner: postgres
--

CREATE INDEX users_usuarios_ci_e00cc326_like ON public.users_usuarios USING btree (ci varchar_pattern_ops);


--
-- Name: users_usuarios_correo_05fc6642_like; Type: INDEX; Schema: public; Owner: postgres
--

CREATE INDEX users_usuarios_correo_05fc6642_like ON public.users_usuarios USING btree (correo varchar_pattern_ops);


--
-- Name: users_usuarios_telefono_27f264e2_like; Type: INDEX; Schema: public; Owner: postgres
--

CREATE INDEX users_usuarios_telefono_27f264e2_like ON public.users_usuarios USING btree (telefono varchar_pattern_ops);


--
-- Name: users_usuariosroles_rol_id_21eb2607; Type: INDEX; Schema: public; Owner: postgres
--

CREATE INDEX users_usuariosroles_rol_id_21eb2607 ON public.users_usuariosroles USING btree (rol_id);


--
-- Name: users_usuariosroles_usuario_id_3eceee4b; Type: INDEX; Schema: public; Owner: postgres
--

CREATE INDEX users_usuariosroles_usuario_id_3eceee4b ON public.users_usuariosroles USING btree (usuario_id);


--
-- Name: users_ventas_usuario_id_3f5978e0; Type: INDEX; Schema: public; Owner: postgres
--

CREATE INDEX users_ventas_usuario_id_3f5978e0 ON public.users_ventas USING btree (usuario_id);


--
-- Name: auth_group_permissions auth_group_permissio_permission_id_84c5c92e_fk_auth_perm; Type: FK CONSTRAINT; Schema: public; Owner: postgres
--

ALTER TABLE ONLY public.auth_group_permissions
    ADD CONSTRAINT auth_group_permissio_permission_id_84c5c92e_fk_auth_perm FOREIGN KEY (permission_id) REFERENCES public.auth_permission(id) DEFERRABLE INITIALLY DEFERRED;


--
-- Name: auth_group_permissions auth_group_permissions_group_id_b120cbf9_fk_auth_group_id; Type: FK CONSTRAINT; Schema: public; Owner: postgres
--

ALTER TABLE ONLY public.auth_group_permissions
    ADD CONSTRAINT auth_group_permissions_group_id_b120cbf9_fk_auth_group_id FOREIGN KEY (group_id) REFERENCES public.auth_group(id) DEFERRABLE INITIALLY DEFERRED;


--
-- Name: auth_permission auth_permission_content_type_id_2f476e4b_fk_django_co; Type: FK CONSTRAINT; Schema: public; Owner: postgres
--

ALTER TABLE ONLY public.auth_permission
    ADD CONSTRAINT auth_permission_content_type_id_2f476e4b_fk_django_co FOREIGN KEY (content_type_id) REFERENCES public.django_content_type(id) DEFERRABLE INITIALLY DEFERRED;


--
-- Name: auth_user_groups auth_user_groups_group_id_97559544_fk_auth_group_id; Type: FK CONSTRAINT; Schema: public; Owner: postgres
--

ALTER TABLE ONLY public.auth_user_groups
    ADD CONSTRAINT auth_user_groups_group_id_97559544_fk_auth_group_id FOREIGN KEY (group_id) REFERENCES public.auth_group(id) DEFERRABLE INITIALLY DEFERRED;


--
-- Name: auth_user_groups auth_user_groups_user_id_6a12ed8b_fk_auth_user_id; Type: FK CONSTRAINT; Schema: public; Owner: postgres
--

ALTER TABLE ONLY public.auth_user_groups
    ADD CONSTRAINT auth_user_groups_user_id_6a12ed8b_fk_auth_user_id FOREIGN KEY (user_id) REFERENCES public.auth_user(id) DEFERRABLE INITIALLY DEFERRED;


--
-- Name: auth_user_user_permissions auth_user_user_permi_permission_id_1fbb5f2c_fk_auth_perm; Type: FK CONSTRAINT; Schema: public; Owner: postgres
--

ALTER TABLE ONLY public.auth_user_user_permissions
    ADD CONSTRAINT auth_user_user_permi_permission_id_1fbb5f2c_fk_auth_perm FOREIGN KEY (permission_id) REFERENCES public.auth_permission(id) DEFERRABLE INITIALLY DEFERRED;


--
-- Name: auth_user_user_permissions auth_user_user_permissions_user_id_a95ead1b_fk_auth_user_id; Type: FK CONSTRAINT; Schema: public; Owner: postgres
--

ALTER TABLE ONLY public.auth_user_user_permissions
    ADD CONSTRAINT auth_user_user_permissions_user_id_a95ead1b_fk_auth_user_id FOREIGN KEY (user_id) REFERENCES public.auth_user(id) DEFERRABLE INITIALLY DEFERRED;


--
-- Name: django_admin_log django_admin_log_content_type_id_c4bce8eb_fk_django_co; Type: FK CONSTRAINT; Schema: public; Owner: postgres
--

ALTER TABLE ONLY public.django_admin_log
    ADD CONSTRAINT django_admin_log_content_type_id_c4bce8eb_fk_django_co FOREIGN KEY (content_type_id) REFERENCES public.django_content_type(id) DEFERRABLE INITIALLY DEFERRED;


--
-- Name: django_admin_log django_admin_log_user_id_c564eba6_fk_auth_user_id; Type: FK CONSTRAINT; Schema: public; Owner: postgres
--

ALTER TABLE ONLY public.django_admin_log
    ADD CONSTRAINT django_admin_log_user_id_c564eba6_fk_auth_user_id FOREIGN KEY (user_id) REFERENCES public.auth_user(id) DEFERRABLE INITIALLY DEFERRED;


--
-- Name: users_detallesventas users_detallesventas_producto_id_d2df2c27_fk_users_productos_id; Type: FK CONSTRAINT; Schema: public; Owner: postgres
--

ALTER TABLE ONLY public.users_detallesventas
    ADD CONSTRAINT users_detallesventas_producto_id_d2df2c27_fk_users_productos_id FOREIGN KEY (producto_id) REFERENCES public.users_productos(id) DEFERRABLE INITIALLY DEFERRED;


--
-- Name: users_detallesventas users_detallesventas_venta_id_abd89458_fk_users_ventas_id; Type: FK CONSTRAINT; Schema: public; Owner: postgres
--

ALTER TABLE ONLY public.users_detallesventas
    ADD CONSTRAINT users_detallesventas_venta_id_abd89458_fk_users_ventas_id FOREIGN KEY (venta_id) REFERENCES public.users_ventas(id) DEFERRABLE INITIALLY DEFERRED;


--
-- Name: users_productos users_productos_categoria_id_21ec6307_fk_users_categorias_id; Type: FK CONSTRAINT; Schema: public; Owner: postgres
--

ALTER TABLE ONLY public.users_productos
    ADD CONSTRAINT users_productos_categoria_id_21ec6307_fk_users_categorias_id FOREIGN KEY (categoria_id) REFERENCES public.users_categorias(id) DEFERRABLE INITIALLY DEFERRED;


--
-- Name: users_rolespermisos users_rolespermisos_permiso_id_30aa5323_fk_users_permisos_id; Type: FK CONSTRAINT; Schema: public; Owner: postgres
--

ALTER TABLE ONLY public.users_rolespermisos
    ADD CONSTRAINT users_rolespermisos_permiso_id_30aa5323_fk_users_permisos_id FOREIGN KEY (permiso_id) REFERENCES public.users_permisos(id) DEFERRABLE INITIALLY DEFERRED;


--
-- Name: users_rolespermisos users_rolespermisos_rol_id_7e0e1457_fk_users_roles_id; Type: FK CONSTRAINT; Schema: public; Owner: postgres
--

ALTER TABLE ONLY public.users_rolespermisos
    ADD CONSTRAINT users_rolespermisos_rol_id_7e0e1457_fk_users_roles_id FOREIGN KEY (rol_id) REFERENCES public.users_roles(id) DEFERRABLE INITIALLY DEFERRED;


--
-- Name: users_usuariosroles users_usuariosroles_rol_id_21eb2607_fk_users_roles_id; Type: FK CONSTRAINT; Schema: public; Owner: postgres
--

ALTER TABLE ONLY public.users_usuariosroles
    ADD CONSTRAINT users_usuariosroles_rol_id_21eb2607_fk_users_roles_id FOREIGN KEY (rol_id) REFERENCES public.users_roles(id) DEFERRABLE INITIALLY DEFERRED;


--
-- Name: users_usuariosroles users_usuariosroles_usuario_id_3eceee4b_fk_users_usuarios_id; Type: FK CONSTRAINT; Schema: public; Owner: postgres
--

ALTER TABLE ONLY public.users_usuariosroles
    ADD CONSTRAINT users_usuariosroles_usuario_id_3eceee4b_fk_users_usuarios_id FOREIGN KEY (usuario_id) REFERENCES public.users_usuarios(id) DEFERRABLE INITIALLY DEFERRED;


--
-- Name: users_ventas users_ventas_usuario_id_3f5978e0_fk_users_usuarios_id; Type: FK CONSTRAINT; Schema: public; Owner: postgres
--

ALTER TABLE ONLY public.users_ventas
    ADD CONSTRAINT users_ventas_usuario_id_3f5978e0_fk_users_usuarios_id FOREIGN KEY (usuario_id) REFERENCES public.users_usuarios(id) DEFERRABLE INITIALLY DEFERRED;


--
-- PostgreSQL database dump complete
--

